{
  "driver": {
    "Rory_McIlroy_Driver_Front.mov": {
      "setup": {
        "left_arm_angle": 178.14909872495673,
        "right_arm_angle": 166.79129309933998,
        "spine_angle": 3.1067355505573264,
        "hip_angle": 158.26291111991245,
        "shoulder_tilt": 12.794724588603714,
        "knee_bend": 2.623587184185098,
        "shoulder_rotation": 12.794724588603714,
        "hip_rotation": 10.028950293104714,
        "x_factor": 2.765774295499
      },
      "takeaway": {
        "left_arm_angle": 114.98512565577708,
        "right_arm_angle": 163.8973633893981,
        "spine_angle": 10.394380506874203,
        "hip_angle": 161.45544922451376,
        "shoulder_tilt": 11.867774725524356,
        "knee_bend": 12.362017267398429,
        "shoulder_rotation": 11.867774725524356,
        "hip_rotation": 3.066766535159701,
        "x_factor": 8.801008190364655
      },
      "top_of_backswing": {
        "left_arm_angle": 149.46645288302383,
        "right_arm_angle": 136.40741461822773,
        "spine_angle": 15.854108537769283,
        "hip_angle": 160.1012243032337,
        "shoulder_tilt": 15.17071710739043,
        "knee_bend": 28.09312121092934,
        "shoulder_rotation": 15.17071710739043,
        "hip_rotation": 2.820731462751496,
        "x_factor": 12.349985644638934
      },
      "downswing": {
        "left_arm_angle": 84.01639386941697,
        "right_arm_angle": 129.7613081720557,
        "spine_angle": 12.626980150408238,
        "hip_angle": 162.03709602957144,
        "shoulder_tilt": 17.673099772167717,
        "knee_bend": 17.428802827384118,
        "shoulder_rotation": 17.673099772167717,
        "hip_rotation": 3.3112789318566827,
        "x_factor": 14.361820840311035
      },
      "impact": {
        "left_arm_angle": 174.76886245701905,
        "right_arm_angle": 162.96415943083684,
        "spine_angle": 1.0510783368986651,
        "hip_angle": 155.91412411331564,
        "shoulder_tilt": 13.520316778874303,
        "knee_bend": 3.832479101073176,
        "shoulder_rotation": 13.520316778874303,
        "hip_rotation": 6.549674960585378,
        "x_factor": 6.970641818288925
      },
      "follow_through": {
        "left_arm_angle": 176.62934659120904,
        "right_arm_angle": 162.24773262075044,
        "spine_angle": 1.9607797013089843,
        "hip_angle": 156.21225208925222,
        "shoulder_tilt": 13.698131685154692,
        "knee_bend": 4.117300753800819,
        "shoulder_rotation": 13.698131685154692,
        "hip_rotation": 7.259306495004324,
        "x_factor": 6.438825190150368
      }
    },
    "Scottie_Scheffler_Driver_Back.mov": {
      "setup": {
        "left_arm_angle": 174.28230077583936,
        "right_arm_angle": 149.37189003240945,
        "spine_angle": 26.939023310733507,
        "hip_angle": 141.48155880978925,
        "shoulder_tilt": 25.176232171528653,
        "knee_bend": 25.91302130398884,
        "shoulder_rotation": 25.176232171528653,
        "hip_rotation": 12.529295910052298,
        "x_factor": 12.646936261476355
      },
      "takeaway": {
        "left_arm_angle": 166.38456836475078,
        "right_arm_angle": 99.53040537029518,
        "spine_angle": 30.94635427609006,
        "hip_angle": 129.01200066291372,
        "shoulder_tilt": 30.211265444716332,
        "knee_bend": 36.43055158425335,
        "shoulder_rotation": 30.211265444716332,
        "hip_rotation": 22.071527778401958,
        "x_factor": 8.139737666314375
      },
      "top_of_backswing": {
        "left_arm_angle": 123.9075073383756,
        "right_arm_angle": 177.53097248697142,
        "spine_angle": 18.722481378211548,
        "hip_angle": 162.9448968143631,
        "shoulder_tilt": 7.33665112138849,
        "knee_bend": 6.40058560986364,
        "shoulder_rotation": 7.33665112138849,
        "hip_rotation": 8.368429677508333,
        "x_factor": 1.0317785561198427
      },
      "downswing": {
        "left_arm_angle": 93.56458832431449,
        "right_arm_angle": 157.92911003591038,
        "spine_angle": 14.470852347175152,
        "hip_angle": 167.18042765893944,
        "shoulder_tilt": 2.054512561755885,
        "knee_bend": 8.788336550013753,
        "shoulder_rotation": 2.054512561755885,
        "hip_rotation": 6.191783373604125,
        "x_factor": 4.137270811848239
      },
      "impact": {
        "left_arm_angle": 160.63270700042338,
        "right_arm_angle": 170.01565440164092,
        "spine_angle": 27.137553378793307,
        "hip_angle": 142.1206674884113,
        "shoulder_tilt": 9.042059281176149,
        "knee_bend": 21.644040888229682,
        "shoulder_rotation": 9.042059281176149,
        "hip_rotation": 74.01330733491669,
        "x_factor": 64.97124805374054
      },
      "follow_through": {
        "left_arm_angle": 164.20683908897774,
        "right_arm_angle": 169.86043783680373,
        "spine_angle": 28.168244233558855,
        "hip_angle": 141.06134635630406,
        "shoulder_tilt": 16.11181582393002,
        "knee_bend": 22.004983372254245,
        "shoulder_rotation": 16.11181582393002,
        "hip_rotation": 61.55218879015672,
        "x_factor": 45.440372966226704
      }
    },
    "Tiger_Woods_Driver_Back.mov": {
      "setup": {
        "left_arm_angle": 133.40223381168792,
        "right_arm_angle": 58.12172065067931,
        "spine_angle": 30.37347206315159,
        "hip_angle": 129.83186302202773,
        "shoulder_tilt": 28.084718646891787,
        "knee_bend": 31.589646733525484,
        "shoulder_rotation": 28.084718646891787,
        "hip_rotation": 17.49219245377205,
        "x_factor": 10.592526193119738
      },
      "takeaway": {
        "left_arm_angle": 177.43315020945062,
        "right_arm_angle": 115.90861899110415,
        "spine_angle": 30.264857868878313,
        "hip_angle": 127.07166028898095,
        "shoulder_tilt": 8.757259355645488,
        "knee_bend": 34.40739020558726,
        "shoulder_rotation": 8.757259355645488,
        "hip_rotation": 5.129566229845494,
        "x_factor": 3.6276931257999934
      },
      "top_of_backswing": {
        "left_arm_angle": 97.55301317825383,
        "right_arm_angle": 160.0360939626687,
        "spine_angle": 13.402955463576427,
        "hip_angle": 164.91466516686768,
        "shoulder_tilt": 16.7022133257256,
        "knee_bend": 5.096104583974423,
        "shoulder_rotation": 16.7022133257256,
        "hip_rotation": 5.910578290223808,
        "x_factor": 10.791635035501795
      },
      "downswing": {
        "left_arm_angle": 63.724147897973744,
        "right_arm_angle": 131.2032738594386,
        "spine_angle": 5.646036259244065,
        "hip_angle": 173.13405861405695,
        "shoulder_tilt": 8.160964642042474,
        "knee_bend": 7.571929924154844,
        "shoulder_rotation": 8.160964642042474,
        "hip_rotation": 4.305988670865411,
        "x_factor": 3.854975971177063
      },
      "impact": {
        "left_arm_angle": 38.32778053133866,
        "right_arm_angle": 88.17134262502829,
        "spine_angle": 5.768098262254511,
        "hip_angle": 174.39954797784267,
        "shoulder_tilt": 10.922500348875984,
        "knee_bend": 9.934154280715134,
        "shoulder_rotation": 10.922500348875984,
        "hip_rotation": 3.0215877481986566,
        "x_factor": 7.9009126006773265
      },
      "follow_through": {
        "left_arm_angle": 169.74808454778602,
        "right_arm_angle": 168.17121685364077,
        "spine_angle": 29.763165333781412,
        "hip_angle": 130.93109119395024,
        "shoulder_tilt": 26.915316137489015,
        "knee_bend": 33.9416612510458,
        "shoulder_rotation": 26.915316137489015,
        "hip_rotation": 6.713284710265555,
        "x_factor": 20.20203142722346
      }
    },
    "Tommy_Fleetwood_Driver_Back.mov": {
      "setup": {
        "left_arm_angle": 176.8042133558001,
        "right_arm_angle": 166.54868407518344,
        "spine_angle": 26.959831293077222,
        "hip_angle": 136.33810940343596,